name,description,latitude,longitude
" Музей-квартира Ф.М.Достоевского (Кузнечный пер., 5)",,30.350547,59.927367
"Английская наб., 32",Пушкин А.С. служил в находившейся здесь Коллегии иностранных дел (зачислен 9 июня 1817)/,30.292912,59.933533
"Английская наб., 4",Пушкин А.С. посещал салон в доме Лавалей.,30.299757,59.935398
"Б. Морская ул., 26",Пушкин А.С. жил с осени 1832 по май 1833 в доме Жадимеровского.,30.314101,59.934172
"Б. Морская ул., 61","Ломоносов М.В. На месте этого дома с 1756 находилась усадьба, построенная для себя М.В. Ломосовым. В ней он умер 4 апреля 1768.",30.29937,59.930641
"Вознесенский пр., 47",Пушкин А.С. жил в октябре 1831,30.30717,59.921802
"Галерная ул., 53",Пушкин А.С. жил в октябре 1831 - май 1832,30.288373,59.931721
"Гороховая ул., 10","Пушкин А.С. В этом доме проживала княгиня Наталья Голицына, ставшая прототипом старой графини в ""Пиковой даме"".",30.312685,59.935005
"Загородный пр., 1","Дельвиг А.А.жил здесь в 1828. По средам и воскресеньям здесь собирались В.А. Жуковский, П.А. Вяземский, Н.И. Гнедич.",30.34632,59.927937
"Загородный пр., 9","Дельвиг А.А.жил здесь в 1827. Его часто навещал А.С. Пушкин, который прочитал здесь трагедию ""Борис Годунов"", при этом присутствовал композитор М.И. Глинка.",30.343568,59.926891
"Исаакиевская пл., 9",Дени Дидро. В доме Нарыкиных останавливался Д. Дидро в 1773 г.,30.306129,59.93278
"Казанская ул., 39","Мицкевич А. Здесь жил Адам Мицкевич, высланный из Польши в Россию. Здесь же в апреле 1829 в доме Иохима (упоминается в комедии ""Ревизор"") поселился Гоголь.",30.310346,59.928867
Обелиск на месте дуэли А.С. Пушкина,"Коломяжский пр. 10.Арх и худ. А.И. Лапиров, Е.И. Катонин, ск. М.Г. Манизер.1937.Вблизи этого дома в сквере установлен обелиск на предполагаемом месте дуэли А.С.Пушкина.",30.298812,59.994512
"Конюшенная пл., 1",Пушкин А.С. В Спасо-Конюшенной церкви 1 февраля 1837 г. отпевали А.С. Пушкина.,30.325581,59.941449
Литейный пр 38 ,"Некрасов Н.А. жил и умер в доме Краевского авг 1857-27 дек 1877. Музей. В 1820-е г. жила С.М. Салтыкова (невеста А.А, Дельвига), возможно бывал Пушкин. В сер. 1840-х поселился В.Ф. Одоевский. В 1858-1859г.жил Н.А. Добролюбов, в 1867 г. поселился Г.И. Успенский.",30.349249,59.938698
Литейный пр 58,"В типографии Вулфа с 1858 г. печатался ""Современник"".",30.349367,59.933995
Литейный пр. 37,"Некрасов Н.А. В этом доме жил генерал М.Н. Муравьев. Наблюдая за домом из окна своей квартиры Некрасов написал стихотворение ""Размышления у парадного подъезда"" .",30.347092,59.94053
"М. Подъяческая ул., 12",Пушкин А.С. посещал собрания на квартире драматурга Шаховского .,30.302331,59.925533
"Марата ул., 14 ","Радищев А.Н. Дом значительно перестроен, в его основе двухэтажный дом, построенный А.Н. Радищевым дя своей семьи. На втором этаже дома бы установлен типографский станок, на котором напечатана книга ""Путешествие из Петербурга в Москву"".",30.354624,59.929361
Миллионная ул. 35,Жуковский В.А. жил в 1840-х гг.,30.317631,59.941288
"Миллионная ул., 14","Радищев А.Н. В доме Рубановских часто бывал А.Н. Радищев, на А.В. Рубановской он был женат.",30.323113,59.943029
"Миллионная ул., 30","Пушкин А.С. посещал салон княгини Авдотьи Голицыной, ""ночной княжны"".",30.319798,59.941734
"Миллионная ул., 7","А. Кантемир. На месте этого дома стоял дворец Антиоха Кантемира, одного из первых русских литераторов.",30.325771,59.944707
"Михайловская пл., 4",Пушкин А.С. бывал здесь у друзей братьев Виельгорских.,30.33116,59.935285
"Московский пр., 8","Пушкин А.С. навещал проживавшего здесь друга Плетнева, 20 мая 1831 он здесь впервые встретился с Н.В. Гоголем.",30.318714,59.924415
Наб. канала Грибоедова 9 ,В т.н. писательской надстройке работали в 1920-1930е годы многие советские писатели. Ныне действует музей-квартира Зощенко.,30.326858,59.937967
"Наб. Канала Грибоедова, 109","Пушкин А.С. В доме Н.Н. Всеволожского собиралось общество ""Зеленая лампа"", в которую входили А.С. Пушкин, А.А. Дельвиг, Ф.Н. Глинка.",30.3004,59.925248
"Наб. Крюкова канала, 23","Крылов И.А. В доме Хвостова снимал квартиру И.А. Крылов, дом известен тем, что здесь умер А.В. Суворов.",30.299231,59.919565
"Наб. Кутузова, 32 ",Пушкин А.С. жил с августа 1834 до лета 1836.,30.339496,59.947704
"Наб. Мойки, 12",Пушкин А.С. жил с 12 сентября 1836 по 29 января 1837. В этом доме он скончался. В настоящее время действует музей А.С. Пушкина.,30.321804,59.940735
"Наб. Мойки, 14",Пущин И.И. Здесь в юности жил лицейский друг А.С. Пушкина - И.И. Пущин.,30.321075,59.940826
"Наб. Мойки, 40","Пушкин А.С. Бывш. ""Демутов трактир"" (перестроен). Здесь неоднократно останавливался А.С.Пушкин.",30.32041,59.937386
"Наб. Мойки, 78",Лермонтов М.Ю. с 1841 посещал здесь А.О. Смирнову-Россет.,30.305057,59.929969
Наб. Фонтанки 19,Некрасов Н.А. жил в доме кн. Урусовой 1846.,30.34323,59.935524
"Наб. Фонтанки, 118","Державин Г.Р. В собственном доме, построенном по проекту арх. Львова Н.А., Державин жил с 1791 г. В гостях у него бывали Н.М. Карамзин, Д.И. Фонвизин.",30.309724,59.919264
"Наб. Фонтанки, 185",Пушкин А.С. жил здесь в 1818 г. у родителей в доме Клокачева.,30.28729,59.916623
"Наб. Фонтанки, 25","Карамзин Н.М. поселился здесь с осени 1818. Его навещал А.С. Пушкин. Дом Муравьевых был также место конспиративных собраний тайных декабристских обществ. Здесь также жил поэт К.Н. Батюшков, родственник Муравьевых.",30.342779,59.934226
"Наб. Фонтанки, 34","Пушкин А.С. Здесь над знаменитым портретом А.С. Пушкина, который писался с натуры, работал  О.А. Кипренский.",30.344625,59.936967
"Наб. Фонтанки, 35","Одоевский А.И. жил здесь с 1840. К нему приходили Жуковский, Крыов, Вяземский, Лермонтов, Белинский.",30.340676,59.931409
"Наб. Фонтанки, 99","Пушкин А.С., Крылов А.Н. Дома 97, 99, 101 принадлежали помещице Полторацкой. В одном из них жил А.Н. Оленин, первый директор Публичной библиотеки. Его дом посещали И.А. Крылов, В.А. Жуковский, К.Н. Батюшков. А.С. Пушкин прочитал здесь ""Руслан и Людмила"". Здесь он впервые познакомися с А,П. Керн.",30.321783,59.923775
"Наб. Черной речки, 49-51","Пушкин А.С. жил на даче Миллера (не сохр.) с мая по август 1833, а а также летом 1835.",30.30525,59.985905
Невский пр. 15,"В 1919 г. в доме Елисеева по инициативе М. Горького был открыт ДИСК (Дом искусств), где жили и работали многие писатели молодой России: Иванов, Ремизов, Гумилев, Ходасевич, Мандельштам, Шагинян, Шкловский, Зощенко, Слонимский, Грин. Сюда приезжал Г. Уэллс в 1920 г.",30.317953,59.936113
Невский пр. 18,"В доме Котомина в XIX в. находилась кондитерская ""Вольф и Беранже"". Отсюда к месту дуэли 27 января 1837 уехал А.С. Пушкин. Здесь же в 1846 познакомились Ф.М. Достоевский и М.В. Петрашевский.",30.316397,59.936768
Невский пр. 22,"Кафе ""Доминик"" (откр. В 1841) посещали Достоевский, Салтыков-Щедрин, Чехов.",30.322984,59.936096
Невский пр. 22,"В Петершуле при соборе св. Петра (ныне школа №222) учились Фонвизин, Хармс.",30.323027,59.936064
Невский пр. 24,"Книжную лавку Смирдина посещали многие писатели. В 1831 г. на открытие пришли Жуковский, Крылов, Пушкин, Гоголь, Вяземский.",30.323972,59.935951
Невский пр. 28 ,"В бывшем здании компании ""Зингер"" с 1919 г. размещалось несколько издательств, в т.ч. Основанный С.Я. Маршаком ""Лентетгиз"", в котором работали Житков, Чуковский, Бианки, Хармс .",30.325817,59.93572
Невский пр. 32,"Католический костел св. Екатерины посетили в разное время Адам Мицкевич, Оноре Бальзак, Теофиль Готье, Александр Дюма. Здесь венчалась с Дантесом сестра жены А.С. Пушкина Екатерина Гончарова.",30.328907,59.936091
Невский пр. 37,Крылов И.А. был директором Публичной библиотеки.,30.335634,59.933925
Невский пр. 39,"Пушкин А.С. в Аничковом дворце посещал балы, даваемые императором Николаем I. Здесь 23 ноября 1836 состоялась беседа между царем и поэтом, в которой последний обещал не доводить конфликт с Дантесом до дуэли.  Во дворце с будщимимпператором Александром II занимался В.А. Жуковский.",30.338316,59.933527
Невский пр. 42,Тютчев Ф.А. прожил в доме Армянской церкви более 20 лет.,30.332233,59.935349
Невский пр. 49,Некрасов Н.А. жил в 1840-1841.,30.348401,59.932366
Невский пр. 49,"В бывш. Гостинице ""Москва"" останавливался А.П. Чехов. Здесь же в советское время размещалось кафе, называвшееся на жаргоне ""Сайгон"", где собирались писатели и поэты советского андеграунда.",30.348573,59.932296
Невский пр. 60,"Вяземский П.А. жил в этом доме. По легенде, вернувшись однажды домой, он застал себя, работающим за столом.",30.33955,59.934538
"Невский пр., 30","Пушкин А.С. В книжной лавке Слёнина можно было приобрести все выходившие книги А.С.Пушкина, оформить подписку на ""Историю государства российского"" Н.М. Карамзина. Сюда приходили А.С. Пушкин, П.А. Вяземский, И.А. Крылов и другие литераторы. Позже авка переехала на Невский, 27 Здесь же в доме Энгельнагардта устраивались .",30.327748,59.935516
"Пестеля ул., 5",Пушкин А.С. жил с ноября 1833 по август 1834 в доме Оливье.,30.340966,59.941831
Петропавловская крепость,"Радищев А.Н. Среди заключенных в крепостной тюрьме: Радищев А.Н., Герцен А.И., Достоевский Ф.М., Чернышевский Н.Г., Горький А.М.",30.316858,59.949756
Поварской пер. 13,Некрасов Н.А. жил в доме Тулубьева 1845,30.351427,59.929238
"пр. Римского-Корсакова, 43","Жуковский В.А. здесь жил вместе с А.А. Плещеевым. У него в гостях бывал А.С.Пушкин, здесь он прочитал поэму ""Руслан и Людмила"".",30.29598,59.923033
Разъезжая ул. 24,Некрасов Н.А. жил в доме Головкиной кон. 1841 - нач 1842.,30.348305,59.923936
"Садовая ул., 12",Карамзин Н.М. жил здесь. Его часто навещал А.С. Пушкин.,30.335913,59.935064
"Садовая ул., 21",Лермонтов М.Ю. жил здесь у своей бабушки Е.А. Арсеньевой.,30.326493,59.931237
Свечной пер. 18/20,Некрасов Н.А. жил в доме купца Щанкина июль-дек 1840 .,30.354109,59.924087
"Театральная пл., 8","Пушкин А.С. посещал собрания общества ""Зеленая лампа"", которые устраивались на квартире его основателя театрала Н. Всеволожского.",30.300121,59.925092
"Университетская наб., 3",Ломоносов М.В. В здании Кунсткамеры с 1741 по 1765 работал М.В. Ломоносов .,30.304402,59.941503
"Фурштатская ул., 20",Пушкин А.С. жил с мая 1832 - осень 1832 (дом не сохранился).,30.35398,59.945866
"Чайковского ул., 20",Лермонтов М.Ю. жил здесь у своей бабушки Е.А. Арсеньевой.,30.351985,59.946758
"Чайковского ул., 27",Пушкин А.С. посещал семейство своего лицейского друга Николая Раевского.,30.351148,59.946146
"Б. Морская ул., 48",Лермонтов М.Ю. навещал Олениных.,30.306001,59.931485
"Наб. Мойки, 84",Лермонтов М.Ю. впервые поселился с бабушкой по приезду в Петербург.,30.301784,59.929899
"Исаакиевская пл., 6","Лермонтов М.Ю. На месте Мариинского дворца находилась Школа гвардейских прапорщиков, в которой в 1832-1835 учился М.Ю. Лермонтов.",30.309627,59.930786
"Садовая ул., 3","Лермонтов М.Ю. находился под арестом в Ордонанс-гаузе после дуэли с Де Брантом 18 февраля 1840 г. Позже переведен на Арсенальную гауптвахту (Литейный пр., 3). Здесь написаны стихотворения ""Соседка"", и ""Журналист, Читатель и Писатель"".",30.33587,59.936892
"Наб. Фонтанки, 101",Лермонтов М.Ю. В доме молодой вдовы княгини М.А. Щербатовой в 1839-1840 г. часто бывал Лермонтов.,30.321279,59.923592
"Невский пр., 20","Здесь с 1839 г. находилась редакция журнала ""Отечественные записки"" А.А. Краевского. Здесь бывал Лермонтов и др. литераторы.",30.321161,59.936279
"Гагаринская ул., 16","Лермонтов М.Ю. Квартира живших здесь Карамзиных - последний Петербургский адрес Лермонтова перед ссылкой на Кавказ, прямо с прощального вечера он уехал из столицы. Здесь написано стихотворение-экспромт ""Тучки небесные…"" Здесь же прошел и прощальный вечер в 1841, после которого Лермонтов отправился в роковую поездку на Кавказ.",30.343616,59.945023
"Гороховая ул., 42",Гоголь Н.В. проживал здесь с А. Данилевским в декабре 1828 .,30.32424,59.927302
"Наб. канала Грибоедова, 69",Гоголь Н.В. проживал в доме Зверкова с конца 1829 до весны 1831.,30.313725,59.926248
"М. Морская ул., 17 ",Гоголь Н.В. проживал здесь с 1833 по 1836.,30.310453,59.935054
"Университетская наб., 17",Гоголь Н.В. обучался в Академии художеств.,30.290337,59.937322
"Памятник А.А. Ахматовой (Ул. Восстания,8)","Скульптор В.И. Трояновский,архитектор В.С.Васильковский.1991. <br>Удачно выбран материал для сидящей фигуры поэтессы-гранит,что объединяет ее с невысоким ступенчатым пьедисталом.В.С. Васильковский много и плодотворно работал в области монументальной и декоративной скульптуры.Памятник создан к 100-летию Ахматовой(1889-1966) и установлен в саду гимназии №209",30.359817,59.933635
"Памятник О.Ф.Берггольц (Ул.Гороховая,57а.)","Скульптор Н.Г. Сухорукова.1988.Знакомый облик поэтессы блокадного Ленинграда увековечен в высеченной из известняка фигуре,сидящей на каменном пьедестале.Она легко узнается,настолько характерны все ее черты,поза,пластика фигуры. Скажим уже не в первый раз:все эти черты переданы современно,остро,без натурализма.Скульптура установлена во дворе Колледжа литературы и искусства по предложению М.К. Аникушина,давшего ей высокую и заслуженную оценку.Кроме того,перед памятником поставлена каменная стелла в виде раскрытой книге со стихотворными словами поэтессы.",30.32469,59.926098
"Памятник А.А.Блоку (Университетская набережная,11)","Скульптор Е.Н.Ротанов.2002.Своеобразная,почти миниатюрная,зыбкая фигурка поэта на высоком гранитном пьедестале установлена в просторном,хорошо благоустроенном внутреннем дворе филологического факультета университета,который в юбилейный год превратился в довольно любопытный музей скульптуры под открытым небом:здесь появился ряд памятников и произведений декоративной скульптуры.Памятник Блоку также похож скорее на такое произведение,чем на произведение монументальной скульптуры.Он близок другому произведению Е.Н. Ротанова-так называемому ""купальщику в сквере на набережной"".Фонтанки напротив церкви св.Симеона и Анны.Фигурка Блока не лишена своеобразной пластики,а его образ представляется в чем то интересном,но спорным,и отношение к нему зрителей,несомненно,будет разным.",30.298941,59.940315
"Памятник И.С Тургеневу (Манехная площадь,2)","Скульптор Я.Я.Нейман,В.Д.Свешников,арх. Г.К. Челбогашев.2000. Бронзовая фигура сидящего писателя установлена в глубине площади,перед новым зданием,владельцы которого(они же спонсоры памятника)пожелали видеть его именно здесь.Это ослабило композиционное значение традиционного по форме памятника,который по своей пластике и образной характеристике кажется пришельцем из 1940-1950-х г.г",30.341266,59.936411
Памятник Н.В.Гоголю (Александровский сад),"Ск. В.П.Крейтан,арх. А.П.Максимов.1896.Памятник аналогичен памятнику Жуковскому и поставлен также по решению городской думы.На постаменте слова из текста ""Мертвых душ"" и письма к Жуковскому.",30.307771,59.936295
Памятник Н.В. Гоголю (М.Конюшенная ул.),"Ск. М.В. Белов, А.А. Ананьев, С.В. Астапов, арх. В.С.Васильковский 1997. В 1957-х гг. было выбранно удачное место для памятника- на Манежной площади. Бронзовя фигура писателя на невском постаменте, окруженная решеткой и фонарями, отодвинута далеко от Невского проспекта, что отчасти снижает композиционное значение памятника. ""Новизна"" его - в перечне имен спонсоров на пьедестале. Ныне это одно из звеньев первой пешеходной зоны города. Памятник не имеет ограниченной связи с городским пространством. Дело в том, что, создавая пешеходную зону, не учли характера застройки М.Конюшенной ул., дома которой в основном лишены активных пластических акцентов. Это придает улице однообразие и некоторое уныние, что подчеркнуто стоящими на одной оси Гоголем, метеорологическим павильоном и статуей ""Городового"", временно, а теперь уже, быть может, постоянно ""прописанного"" в конце улицы.",30.325157,59.936357
Памяиник А.С. Грибоедову (Пионерская площадь),"Ск. В.В.Лишев. арх. В.И. Яковлев. 1949-1950, 1959. Памятник, установленный перед зданием Театра юных зрителей, стал доминантой новой площади. В нем отразились характерные черты ленинградской монументальной скульптуры рубежа 1940- 1950-х гг. : строгость общего решения, чувство масштаба, психологическая убедительность образа.",30.335441,59.919409
Памятник Ф.М. Достоевскому (Б.Московская улица 1),"Ск. Л.М. Холина, П.П. Игнатьев, арх. В.Л. Спиридонов, худ. П.А. Игнатьев 1997. Основой для этогопамятника, одного из лучших монументов последних лет, явилась великолепная скульптура Л.М. Холиной 1970г. Автор, долго  и вдумчиво работая над образом писателя, сумела передать многие существенные черты его личности и творчества.",30.346792,59.927418
Памятник С.А. Есенину (Таврический сад),"Ск. А.С. Чаркин, арх. С.Л. Михайлов, Ф.К. Романовский.1995г. Невыразительная по пластике и образу мраморная фигура сидящего поэта напоминает традиционные изделия садово-паркового репертуара. совершенно не связанный с есенинским Петроградом памятник поставлен к 100- летию со дня рождения поэта.",30.372938,59.946028
Памятник В.А. Жуковскому (Александровский сад),"Ск. В.П. Крейтан, арх. А.С. Лыткин. 1887г. Бронзовый бюст поэта на пьедестале из красного гранита- характерный пример рядовой городской скульптуры второй половины 19 века. Памятник установлен по предложению городской думы в связи со 100-летием со дня рождения поэта. На пьедестале высечены строки из стихотворения Пушкина ""К портрету Жуковского"" и из стихотворения Жуковского ""Ундина"". Средства на создание памятника поступили от издания биографии поэта.",30.309176,59.936763
Памятник И.А. Крылову (Летний сад),"Ск. П.К. Клодт, худ. А.А. Агин. 1855г. Этот монумент пользуется особой любовью горожан благодаря теплоте и лиризму, которыми отмечена бронзовая фигура баснописца, и занимательным бронзовым рельефом, украшающим гранитный пьедестал. Писатель словно находится в окружении своих персонажей. Вокруг памятника чугунная ограда. Этот памятник, наряду с ""Укротителями коней"" на Аничковом мосту- одно из самых популярных произведений Клодта, использовавшего дя оформления пьедестала рисунки Агина (персонажи басен).",30.334722,59.946522
Памятник М.Ю. Лермонтову (Александровский сад),"Ск. В.П. Крейтан, арх. А.П. Максимов 1896. Поставлен по решению городской думы в связи с 50- летием гибели поэта. На пьедестале строки из стихотворений поэта.",30.306151,59.935591
"Памятник М.Ю. Лермонтову (Лермонтовский пр., 54)","Ск. Б.М. Микешен. 1913- 1914. Открыт в 1916. Традиционный и несколько тяжеловесный памятник поставлен перд зданием Кавалерийского училища, где учился поэт, Питомцы училища собрали средства на реализацию проекта. В 1913 г. был выпрлнен макет в натуральную величину, затем проведена отливка скульптуры. Открытие памятника отложили из- за начавшейся войны, оно состоялось только в 1916 г.",30.298088,59.910745
Памятник В.В.Маяковскому (ул. Маяковского-ул. Некрасова),"Ск. Б.А. Пленкин,арх. В.П. Литвяков.1976.Высеченный  из гранита лик поэта дышит энергией и мужеством.Он передает высокий гуманизм и героический пафос его творчества.Авторы вложили много души и вдохновения в свое произведение.Памятник прекрасно организовал довольно невыразительное пространство.ППохожий на гладиатора или воина поэт,как живой,обращается к людям.Хорошо известно ироническое,а не редко и просто непремиримое отношение поэта к ""мраморной слизи"" и ""бронзы многопудью"",его решительное неприятие ""конфетной красоты"" и всяческой фальши-вечных спутников скульптуры.",30.354731,59.93866
Памятник А.С. Пушкину (Пушкинская ул.),"Ск. А.М. Опекушин,арх.Н.Л. Бенуа, А.С. Лыткин.1884. Это первый памятник поэту в городе.",30.356834,59.928947
Памятник А.С. Пушкину (площадь Искусств),"Ск. М.К. Аникушин,арх. В.А. Петров.1957. В памятнике наиболее полно отразилось современное,гораздо более глубоко осмысленное понимание образа поэта.Работа над памятником шла в 1949-1955 гг.,совершенствовались движения,выразительность фигуры,пластика лица.Нельзя не сказать и о мастерстве архитектора,уверено и легко поставившего фигуру Пушкина на красивый и строгий пьедестал и вписавшего памятник в окружающее пространство.",30.331535,59.937311
Памятник Н.Г. Чернышевскому (пощадь Чернышевского),"Ск. В.В. Лишев,арх. В.И. Яковлев.1947. Один из лучших примеров многолетнего содружества двух мастеров ленинградской культуры. Общее решение,масштаб и силуэт принадлежат Яковлеву,много времени отдавшего не только проэкту,но и авторскому надзору.Война помешала установке готового памятника в 1941 году.Бронзовая динамичная фигура  на прекрасно прорисованном пьедестале доминирует в пространстве новой площади,отчетливо выделяясь на фоне неба и окружающих зданий.",30.319541,59.868892
"Памятник А.С.Пушкину (набережная Макарова, 4)","Ск И.Н. Шредер,арх. С.П. Одновалов.1999.Этот памятник-бюст с 1899г. стоял у Александровского лицея на Каменноостровском пр.,21,после революции он исчез,а к 200-летию поэту сохранившийся в музейных фондах экземпляр был отреставрирован и поставлен у здания Пушкинского Дома на новом,более художественном пьедестале.",30.301098,59.944507
Памятник Т.Г. Шевченко (площадь Шевченко),"Ск. Л.Мол,Арх. С.П. Одновалов.2000. Бронзовая скульптура поэта и худоника была подарена Петербургу канадским ваятелем украинского происхождения в 1994 и установленным в сквере на площади Шевченко.Памятник,соразмерный пространству,с высоким уровнем архитектурного решения,представляется спорным по психологической и пластической характеристике.",30.306392,59.966915
"10-я линия В.О., 3",Гоголь Н.В. преподавал историю в Петербургском патриотическом институте,30.279908,59.936537
"2-я Красноармейская ул., 11",Достоевский Ф.М. В несохранившемся флигеле во дворе дома жил Ф.М. Достоевский с сентября 1872 до середины зимы 1873,30.312856,59.915456
"2-я линия В.О., 13/6",Чернышевский Н.Г. жил здесь с конца июня 1860 по июнь 1861,30.28906,59.940262
"3-я Красноармейская ул., 5",Достоевский Ф.М. жил с марта 1860 по сентябрь 1861 после возвращения с каторги и ссылки,30.315185,59.914719
"4-я линия В.О., 1",М. Горький жил с марта 1860 по сентябрь 1861 после возвращения с каторги и ссылки,30.288985,59.937419
"Адмиралтейская наб., 4","М. Горький. На этом месте в начале XX века находился театр В.А. Панаева, где была впервые поставлена пьеса М.Горького ""Мещане""",30.30849,59.938934
"Английская наб., 44",Чернышевский Н.Г. работал в находившемся здесь Румянцевском музее.,30.289607,59.932355
"Аптекарский пер., 4","Чернышевский Н.Г. Здесь жил редактор журнала ""Основы"" В.М. Белозерский, которого часто посещали Чернышевский и Добролюбов",30.328145,59.94276
"Б. Конюшенная ул., 16",Чернышевский Н.Г. жил здесь в доме Кошанского с 20 сентября 1849 по 20 февраля 1850,30.323403,59.93873
"Б. Конюшенная ул., 17","Здесь находилась редакция журнала ""Шиповник"", на его торжественном открытии впервые встретились А.А. Блок и А.И. Куприн",30.322416,59.938741
"Б. Монетная ул., 18","М. Горький. Здесь находились редакция журнала ""Летопись"" и издательство ""Парус"", организованные М. Горьким. К сотрудничеству были привлечены И.А. Бунин, В.Я. Брюсов, М.М. Привин, В.В. Маяковский, другие лиетраторы",30.322137,59.962852
"Б. Морская ул., 39","С. Есенин в номере гостиницы ""Англетер"" поселился в начале февраля 1922. Затем остановился 24 декабря 1925, через четыре дня его нашли мертвым в своем номере",30.309262,59.93285
"Б. Морская ул., 47","Набоков В.В. родился здесь в 1899 году и провел первые 18 лет жизни, вплоть до вынужденной эмиграции в1917 г. Дом занимает особое место в творчестве писателя, особенно подробно дом описан в автобиографическом романе «Другие берега». Ныне музей писателя.",30.304735,59.931861
"Б. Московская ул., 6",Чернышевский Н.Г. жил здесь с 8 июня 1861 г. по 7 июля 1862. Последний петербургский адрес писателя. Здесь состоялась его первая встреча с Ф.М. Достоевским,30.347049,59.926087
"Большой пр. В.О., 4",Достоевский Ф.М. жил в доме В.М. Солошича с ноября 1846 по февраль 1847,30.290143,59.940675
"Большой пр. П.С., 37",А. Блок учился во Введенской гимназии с 1891 по 1898. Здание не сохранилось,30.303383,59.959673
"Владимирский пр., 11","Достоевский Ф.М. снимал в доме К.Я. Пряничникова квартиру с весны 1842 по начало 1846. Вместе с ним квартиру некоторое время снимал Д.В. Григорович. Здесь закончена повесть ""Бедные люди"".",30.347242,59.930334
"Владимирский пр., 13",Чернышевский Н.Г. жил здесь в доме Фридерикса в 1847-1848. Находившуюся в доме кондитерскую часто посещал живший в соседнем доме Ф.М. Достоевский,30.34692,59.9297
"Вознесенский пр., 29",Достоевский Ф.М. жил в доме Ширмер с февраля по апрель 1867,30.307782,59.92556
"Вознесенский пр., 41",Чернышевский Н.Г. жил здесь в доме Соловьева в 1848,30.307031,59.923087
"Вознесенский пр., 8","Достоевский Ф.М. жил в доме Шиля с весны 1847 по апрель 1849. Здесь был арестован по делу ""петрашевцев""",30.309005,59.934613
"Восстания ул., 20","Здесь помещалась редакция журнала ""Жизнь"", в котором печатались А.П. Чехов, М. Горький, В.В. Вересаев, Н.Г. Гарин-Михайловский. Здесь же в конце августа 1904 снял квартиру М. Горький.",30.359774,59.937849
"Гагаринская ул., 1",С. Есенин жил летом 1924 у своего друга А.М. Сахарова,30.340977,59.948037
"Галерная ул., 41",А. Блок жил в доме Дервиза с 1907 по апрель 1910,30.290723,59.932388
Гатчина,Куприн А.И. жил в разных квартирах и дачах с 1906 по 1919,30.133331,59.566636
"Гороховая ул., 13",Короленко В.Г. жил здесь по приезду из Полтавы,30.313876,59.933667
"Греческий пр., 15/8","Ю. Тынянов жил здесь с 1919 по 1936 г., в 1920 у него поселился брат жены В.А. Зильбер, ставий известным под псевдонимом В. Каверин",30.366747,59.93644
"Греческий пр., 6","Достоевский Ф.М. жил в доме Струбинского с сентября 1875 до мая 1878. Здесь закончен роман ""Подросток""",30.366275,59.935881
"Дворцовая наб., 26","М. Горький организовал Дом ученых, который носит теперь его имя",30.319819,59.942997
"Декабристов ул., 45",Чернышевский Н.Г. жил здесь в 1851 и в 1853,30.286603,59.924539
"Декабристов ул., 57","А. Блок жил здесь с июля 1912 и умер в 7 августа 1921. В настоящее время Музей-квартира А. Блока. Сюда прямо с Николаевского вокзала пришел 19-летний С. Есенин, приехав в первый раз в столицу",30.282612,59.923646
"Елизарова пр., 10","О. Берггольц выросла в двухэтажном деревянном доме, стоявшем на этом месте",30.426142,59.896665
"Ждановская наб., 3","А. Н. Толстой жил здесь с 1923. Здесь написаны романы ""Аэлита"", ""Гиперболоид инженера Гарина""",30.289392,59.953033
"Жуковского ул., 7","В. Маяковский посещал квартиру Бриков, где прочитал поэму ""Облако в штанах"", 27 сентября 1918 - ""Мистерию Буфф""",30.351341,59.935656
"Зверинская ул., 2","Здесь на естом этаже с 1922 по 1944 жил Н.С. Тихонов, к нем приходили В. Маяковский, О. Фор, М. Дудин, В. Каверин, О. Берггольц, С. Орлов и др.",30.293083,59.95356
"Искусств пл., 6","В. Маяковский. В 1910-х здесь работало кафе ""Бродячая собака"", здесь можно было встретить В. Маяковского, А. Ахматову, Н. Гумилева, О. Мандельштама, В. Хлебникова.",30.329969,59.937376
"Итальянская, 27","Дом радио. В этой студии свои стихи во время блокады читала О. Берггольц и другие поэты, которые фактически жили здесь",30.338595,59.935634
"Казначейская ул., 1","Достоевский Ф.М. жил в доме Астафьевой с сентября 1861 по август 1863. Здесь же находилась редакция журнала ""Время"" (позже - другого журнала ""Эпоха""), издававшегося братом М.М. Достоевским",30.314369,59.927377
"Казначейская ул., 3","Достоевский Ф.М. жил в доме Олонкина с августа 1864 по сентябрь 1867. Здесь писатель познакомился с А.Г. Сниткиной, ставшей его женой. Писатель написал здесь ""Игрок"", ""Преступление и наказание""",30.313854,59.927324
"Казначейская ул., 9",Достоевский Ф.М. жил в доме Евреинова в апреле 1864,30.311944,59.9267
"Коломенская ул., 16","Куприн А.И. бывал в находившейся здесь редакции ""Нового журнала для всех""",30.354152,59.924377
"Коломенская ул., 42",Куприн А.И. часто бывал у жившего здесь артиста Ходотова,30.350933,59.920829
"Кронверкский пр., 11","Куприн А.И. часто посещал находившийся на этом месте деревянный цирк ""Модерн""",30.322309,59.955934
"Кронверкский пр., 23","М. Горький снял квартиру на 6-м этаже с марта 1914. Здесь его посещали А.И. Куприн, К.И Чуковский, В.В. Маяковский. В конце 1917 Горький перееха на четвертый этаж в 12-комнатную квартиру. Здесь в 1920 останавливался Г. Уэллс",30.318425,59.956998
"Кузнечный пер., 1","Куприн А.И. бывал часто в находившемся на углу ресторане ""Капернаум"" (дом не сохранился)",30.348337,59.927399
"Кузнечный пер., 5","Достоевский Ф.М. жил в начале 1846, а также провел последние годы жизни с октября 1878 по 9 февраля 1881. В настоящее время действует Музей-квартира Ф.М. Достоевского",30.350826,59.927302
"Лахтинская ул., 3",А. Блок снимал квартиру на последнем этаже в 1906-1907,30.303211,59.96181
"Ленина ул., 34",В. Шефнер прожил здесь последние годы жизни,30.300143,59.963239
"Лесной пр., 61",Куприн А.И.жил в кв. 212 с конца 1937 по июнь 1938,30.34323,59.983865
"Лиговский пр, 114","Здесь находилась редакция еженедельника ""Голос жизни"", в котором публиковались С. Есенин, А. Блок, О. Фор, М. Шагинян",30.352929,59.919129
"Лиговский пр., 25",Достоевский Ф.М. жил в доме Сливчанского с зимы 1873 до мая 1874. Здесь весной 1874 после долгого перерыва состоялась встреча с Н.А.Некрасовым,30.362735,59.934495
"Лиговский пр., 65",Достоевский Ф.М. жил в находившемся на этом месте пансионе К.Ф. Костомарова по приезду в Петербург с мая 1837 по 16 января 1838,30.357456,59.92727
"Литейный пр., 24","В ""доме Мурузи"" около четверти века прожили Д.С. Мережковский со своей женой З.Н. Гиппиус. В разное время у них бывали А. Белый, В. Розанов, Н. Бердяев, В. Брюсов, Вяч. Иванов, А. Блок",30.349452,59.942298
"Литейный пр., 32",Добролюбов Н.А. умер в этом доме в возрасте 25 лет от туберкулеза,30.349367,59.940299
"Литейный пр., 33",С. Есенин  поселился в этом доме с женой З.Н. Райх весной 1917 и прожил до марта 1918,30.347672,59.940987
"Литейный пр., 4","Куприн А.И. был вызван в находившейся здесь Окружной суд за публикацию очерка ""События в Севастополе""",30.349431,59.948553
"Литейный пр., 60",М.Е. Салтыков-Щедрин жил с 1876 до своей кончины 28 апреля 1889,30.349109,59.933678
"М. Монетная ул., 9",А. Блок жил с ноября 1910 по июль 1912,30.314627,59.960693
"М. Морская ул., 13","Здесь находился ресторан ""Вена"", считавшийся литературным. Частым посетителем был А.И. Куприн",30.312138,59.935548
"М. Посадская ул., 14",С. Есенин прожил несколько месяцев в 1915 у С.М. Городецкого,30.323467,59.957524
"М. Посадская ул., 8","Здесь жили М. Дудин (скончался здесь в 1993 г.), С. Орлов, Е. Шварц",30.321407,59.957943
"М. Садовая ул., 2",Чернышевский Н.Г. жил здесь с 7 декабря по 7 июня 1847 в доме Сутугина (дом не сохранился),30.337737,59.93988
"Манежный пер., 6",Чуковский К.И. жил здесь с 1919 по 1938,30.353808,59.943405
"Марата ул., 10",Куприн А.И жил в декабре 1937 у А.И. Катуна,30.355375,59.929786
"Марата ул., 4",М. Горький останавливался на квартире издателя К.П. Пятницкого во время приездов в Петербург в 1903,30.355847,59.930614
"Марсово поле, 7","В. Маяковский читал стихотворения в 1917 в ""Привале комедиантов""",30.329261,59.942395
"Маяковского ул., 1","Куприн А.И. часто бывал на товарищеских обедах литераторов, устраивавшихся в ресторане ""Контан""",30.354238,59.932678
"Маяковского ул., 11",М. Горький поселился в 1899 во время первого приезда в Петербург у В.А. Поссе. Здесь же он остановился по приезду в Петербург в феврале 1901,30.355718,59.936612
"Маяковского ул., 18","М.Е. Салтыков-Щедрин работал в редакции журнала ""Отечественные записки"", который переехал сюда после кончины Н.А. Некрасова",30.354538,59.93643
"Маяковского ул., 52",В. Маяковский жил здесь с 1915 по 1918,30.354989,59.942889
"Моховая ул., 20","Здесь находится редакция журнала ""Звезда""",30.346084,59.943663
"Моховая ул., 35","А. Блок прочитал в мае 1918 в здании Тенешевского училища поэму ""Двенадцать"". 25 октября 1915 состоялось первое выступление группы крестьянских поэтов ""Краса"", созданной по инициатие С. Городецого, куда вошли Н. Клюев, С. Есенин, А. Ремизов",30.344174,59.940611
"Моховая ул., 36","М. Горький Здесь разместилось организованное в 1918 по инициативе М. Горького издательство ""Всемирная литература"". Первоначально оно находилось на Невском пр. , 64",30.345998,59.940428
"Наб. Грибоедова, 9","В 1934 на кооперативных началах был надстроен пятый этаж, который получил название ""писательская надстройка"". Здесь получили квартиры О. Форш, М. Зощенко (ныне музей-квартира), В. Рождественский, М. Слонимский, В, Каверин, Б. Житков и другие литераторы",30.326965,59.938193
"Наб. Ждановки, 4",Чернышевский Н.Г. в пристройке во дворе (не сохр.) жил с начала августа 1853 до сер. августа 1854,30.27935,59.956643
"Наб. Канала Грибоедова, 38/1",Чернышевский Н.Г. жил здесь с 21 августа по 7 декабря 1846 в доме Вяземского,30.320592,59.930571
"Наб. канала Грибоедова, 79","Гоголь Н.В. поселился в гостинице ""Неаполь"", впервые приехав в Петербург весной 1829",30.30761,59.926808
"Наб. Карповки, 28",О. Берггольц жила с 1957 по 1960,30.302675,59.96935
"Наб. Мойки, 20",В. Маяковский неоднократно выступал в 1920-х гг.,30.321021,59.939912
"Наб. Мойки, 61","Достоевский Ф.М. В доме М.Ф. Руадзе на вечерах выступали Чернышевский, Достоевский, Некрасов, 14 апреля здесь была поставлена пьеса Гогоя ""Ревизор""",30.317695,59.934817
"Наб. Мойки, 66",Гоголь Н.В. работал в Министерстве внутренних дел с конца 1829,30.316322,59.933602
"Наб. Мойки, 68",Куприн А.И. часто бывал у жившего здесь журналиста Батюшкова,30.315979,59.933473
"Наб. Фонтанки, 133",Куприн А.И. жил у Ф.Д. Батюшкова с декабря 1910 по февраль 1911,30.304413,59.919129
"Наб. Фонтанки, 149","На квартире у С. Городецкого собирались участники ""Цеха поэтов"", в который входили акмеисты - А. Ахматова, О. Мандельштам, Г. Адамович и др.",30.298147,59.917667
"Наб. Фонтанки, 16","Достоевский Ф.М. Дом Третьего отделения. Сюда были доставлены арестованные по делу Петрашевского, в т.ч. Ф.М. Достоевский. На допрос вызывался Н.Г. Чернышевский.",30.340998,59.941514
"Наб. Фонтанки, 17",Белинский В.Г. жил с 1847 до своей кончины 28 мая 1848,30.342865,59.935742
"Наб. Фонтанки, 38 ","В издательстве М.В. Аверьянова в ноябре 1915 вышел превый сборник стихов Есенина ""Радуница""",30.345118,59.933903
"Наб. Фонтанки, 59","Здесь в советское время находилось издательство ""Лениздат"", другие книжные издательства.",30.332308,59.927797
"Наб. Фонтанки, 65","М. Горький. По инициативе М.Горького в бывшем Малом театре А.С. Суворина создан Большой драматический театр, ныне им. Г.А. Товстоногова. В его создании активно участвовал А. Блок",30.330377,59.927205
"Наб. Фонтанки, 7","О. Берггольц посещала Дом печати. Здесь на выставке ""Двадцать лет работы"" она впервые познакомилась с В. Маяковским.",30.342371,59.937333
"Наб. Фонтанки, 80","Куприн А.И. бывал в находившихся здесь редакциях ""Сатирикона"" и ""Синего журнала""",30.332844,59.926775
"Наб. Черной речки, 20",О. Берггольц провела в полученной квартире последние годы жизни (1960-1975),30.292096,59.989253
"Невский пр., 3","Здесь находится редакция журнала ""Нева""",30.312653,59.936473
"Невский пр., 36 (гостиница ""Европейская"")","В гостинице ""Европейская"" останавливались Тургенев, Маяковский, Горький, Герберт Уэллс, Бернард Шоу",30.32999,59.935183
"Невский пр., 48","Достоевский Ф.М. Со стороны Итальянской ул. в здании ""Пассажа"" находился концертный зал. В местном литературном салоне собирались Тургенев, Достоевский, Чернышевский, Шевченко. В 1904 г. Состоялась премьера пьесы ""Дачники"". Ныне Драматический театр им. В.Ф. Комиссаржевской",30.334089,59.934699
"Невский пр., 56","Куприн А.И. В находившемся здесь театре ""Невский фарс"" впервый был поставлен спектакль ""Клоун"" по произведению Куприна",30.33793,59.934215
"Невский пр., 66","Здесь находится ""Книжная лавка писателей"". Летом 1893 в меблированных комнатах жил А.И. Куприн",30.341985,59.933678
"Невский пр., 67 ",Куприн А.И. жил здесь в доме А.С. Вагенского зимой 1901/1902,30.353765,59.931366
"Невский пр., 68","Белинский В.Г. Дом у Аничкова моста по праву называется литературным. С 1842 по 1846 жил В.Г. Белинский, к которому привели молодого писателя Ф.М. Достоевского Григорович и Некрасов. В разное время здесь жили редактор журнала ""Отечественные записки"" А.А. Краевский, писатели И.С. Тургенев, И.И. Панаев, критик Д.И. Писарев, украинская писательница М.А. Маркович (Марко Вовчок). В 1905 здесь при участии М. Горького выходила газета ""Новая жизнь"". Разрушенный во время войны дом значительно перестроен",30.344989,59.933344
"Невский пр., 88","С 1914 здесь находилась редакция журнала ""Новый Сатирикон"", издаваемого А.Т. Аверченко. В нем печатался В. Маяковский",30.351791,59.932495
"Невский пр., 90","Здесь находилась редакция журнала ""Знание"", возглавяемое М. Горьким. Часто бывал Куприн А.И.",30.351598,59.932302
"Некрасова ул., 35","Куприн А.И. жил здесь в доме И.Ф. Хреновой февр - апр 1902. Здесь находилась редакция журнала ""Мир божий"", здесь же Куприн познакомился со своей будущей женой М.К. Давыдовой, приемной дочерью А.А. Давыдовой - главного редактора журнала",30.362799,59.938526
"Обуховской обороны пр., 54",О. Берггольц училась в 117-й школе,30.424855,59.902347
"Островского пл., 6","В Александринском театре впервые поставлена пьеса ""Ревизор""",30.337543,59.930882
"Пестеля ул., 14",Маршак С.Я. жил здесь с 1927 по 1938,30.34735,59.942975
"Петра Алексеева ул., 2",Чернышевский Н.Г. жил здесь с 19 июня по 20 августа 1846 после переезда из Саратова в Петербург,49.170642,55.795853
"Петровская наб., 3а",Куприн А.И. находился здесь в здании Революционного трибунала под арестом в 1918,30.329883,59.952518
"Петроградская наб., 44 ",А. Блок. В 1889 мать А. Блока переехала в квартиру нового мужа - поручика Ф.Ф.Кублицкого-Пиоттуха в офицерский корпус Гренадерских казарм. Блок прожи здесь до 1906,30.332866,59.965849
Пионерская пл.,"Достоевский Ф.М. На этом месте в XIX веке находился Семеновский плац, на котором 22 декабря 1849 была проведена гражданская казнь ""петрашевцев"", среди которых был Ф.М. Достоевский",30.332351,59.920517
"Плеханова ул., 2",Достоевский Ф.М. жил в сентябре 1846 в доме Б.И. Кохендорфа (перестроен),30.019155,59.853599
"Поварской пер., 12",Чернышевский Н.Г. жил здесь с 22 августа 1855 по июнь 1860,30.352328,59.929184
"Подъездный пер., 16",В. Маяковский сужил в находившейся здесь Военно-автомобильной школе в качестве чертежника,30.334733,59.916892
пос. Горьковское,"М. Горький в 1913 поселился на даче у станции Мустамяки (ныне ""Горьковская"")",29.388428,60.260255
пос. Репино,"М. Горький  на Вилле Линтула провел лето 1905. Летом 1915 здесь отдыхал В. Маяковский, он часто бывал у жившего здесь же К. Чуковского, И. Репина.",29.859123,60.16423
"Преображенская ул., 34",Куприн А.И. жил здесь в доме В.А. Березовского в феврале 1902,30.352778,59.943577
"Пушкинская ул., 10","А. Блок Здесь находилось издательство ""Сирин"", сотрудником которого в 1912 стал А. Блок. Он посещал издательство почти ежедневно",30.358057,59.929291
"Пушкинская ул., 20","В. Маяковский остановился в 1913 и в 1915 в номерах ""Пале-Рояль"". Здесь же осенью 1901 останавливался А.И. Куприн",30.35634,59.927109
"Разъезжая ул., 7",Куприн А.И. жил здесь в доме А.В. Глазовой с апреля 1902 по февраль 1907,30.343916,59.925291
"Римского-Корсакова пр., 3",Достоевский Ф.М. жил в июле 1871,30.311022,59.924582
"Рубинштейна ул., 7","О. Берггольц жила в доме-коммуне с 1932 по 1942. К ней часто приходили литераторы, в их числе А. Ахматова, Е. Шварц",30.344861,59.931076
"Рубинштейна ул., 7",О. Берггольц жила с 1922 по 1943,30.344882,59.931076
"Рубинштейна, 13","Достоевский Ф.М. посетил в рождественские дни 1875 елку в находившемся здесь клубе художников, что нашло отражение в рассказе ""Мальчик у Христа на елке""",30.343444,59.929345
"Рубинштейна, 18","В здании Троицкого театра миниатюр 20 ноября 1912 выступал В. Маяковский, впоследствии его выступления проходили неоднократно",30.345354,59.930291
"Рылеева ул., 1","С августа 1883 по апрель 1884 находилась редакция журнала ""Отечественные записки""",30.351255,59.942417
"Садовая ул., 111","Достоевский Ф.М. на месте домов 111 и 112 стоял домик М.В. Буташевича-Петрашевского, где проходили собрания его кружка (т.н. ""петрашевцев""), которые посещал Ф.М. Достоевский",30.286367,59.918398
"Садовая ул., 2",Достоевский Ф.М. учился и жил в находившемся в Инженерном (Михайловском) замке Главном инженерном училище с января 1838 по август 1841,30.337801,59.939988
"Свердловская наб., 40","Дюма А. В усадьбе графа Г.А. Кушелева-Безбородко поселился Дюма-отец во время своего приезда в Петербург в 1858. Сам граф писал рассказы под псевдонимом Грицко Григоренко. У него в усадьбе бывали Д.В.Григорович, А.Ф. Писемский, А.К. Толстойь и др. пистаели",30.399363,59.958921
Свято-Троицкий Измайловский собор,Достоевский Ф.М. Здесь проло венчание Ф.М. Достоевского и А.Г. Сниткиной,30.305915,59.916419
"Серпуховская ул., 13","Достоевский Ф.М. Между домами 13 и 17 находился дом Архангельской, в котором с конца июля 1871 по сентябрь 1872 жил Ф.М. Достоевский. Здесь написан знаменитый портрет В.Г.Перова",30.322523,59.915731
Сестрорецк,"М. Горький жил на даче в 1904 г. Здесь написана пьеса ""Дачники""",29.950104,60.099772
"Стачек пл., 4","М. Горький посетил 8 июля 1929 Московско-Нарвский дом культуры, ныне Дворец культуры им. М. Горького",30.275831,59.900475
"Таврическая ул., 35","Иванов Вяч. На последнем этаже снимал квартиру поэт Вяч. Иванов, которую называли ""башней"". Здесь можно было встретить всех поэтов Серебряного века, философов, художников. В 1906 А. Блок прочитал здесь свою ""Незнакомку"".",30.378785,59.946307
"Университетская наб., 9","А. Блок Здесь учился в 1846-1850 Н.Г. Чернышевский, в 1855 защитил диссертацию. В ректорском доме Петербургского университета родился А. Блок, внук ректора университета А.Н. Бекетова. Позже Блок учился в университете, который окончил в 1906. В университетской церкви крестили А. Блока, позже 25 мая 1903 он обручился здесь со своей женой Л.Д. Менделеевой.",30.300314,59.940181
"Фурштатская ул., 41",М.Е. Салтыков-Щедрин жил здесь с 1868 по 1873,30.365632,59.944888
"Чайковского ул., 83",Здесь жили Мережковские. У них читал стихи С. Есенин,30.367026,59.946167
"Шпалерная, 18",Дом писателей,30.346749,59.949015